
********** ACCESSING THE UDACITY REPLICA AFTER PROMOTION **********

[root@ip-10-3-11-224 ~]# mysql -h udacity-replica.ccjllpv2ptf6.us-east-1.rds.amazonaws.com -P 3306 -u admin -p
Enter password:
Welcome to the MariaDB monitor.  Commands end with ; or \g.
Your MySQL connection id is 6
Server version: 5.7.26-log Source distribution

Copyright (c) 2000, 2018, Oracle, MariaDB Corporation Ab and others.

Type 'help;' or '\h' for help. Type '\c' to clear the current input statement.

MySQL [(none)]>


********** SHOWING AND ACCESSING THE testDB DATABASE **********

MySQL [(none)]> show databases;
+--------------------+
| Database           |
+--------------------+
| information_schema |
| innodb             |
| mysql              |
| performance_schema |
| sys                |
| testDB             |
+--------------------+
6 rows in set (0.00 sec)

MySQL [(none)]> use testDB;
Reading table information for completion of table and column names
You can turn off this feature to get a quicker startup with -A


********** WRITING TO AND ACCESSING THE CUSTOMER TABLE **********

MySQL [testDB]> INSERT INTO CUSTOMERS VALUES ('8', 'Lyn', '18', 'Toronto', '5000.00');
Query OK, 1 row affected (0.00 sec)

MySQL [testDB]>

[testDB]> SELECT ID, NAME, SALARY FROM CUSTOMERS' at line 1
MySQL [testDB]> SELECT ID, NAME, SALARY FROM CUSTOMERS;
+----+----------+----------+
| ID | NAME     | SALARY   |
+----+----------+----------+
|  1 | Ramesh   |  2000.00 |
|  2 | Khilan   |  1500.00 |
|  3 | kaushik  |  2000.00 |
|  4 | Chaitali |  6500.00 |
|  5 | Hardik   |  8500.00 |
|  6 | Komal    |  4500.00 |
|  7 | Pascal   | 10000.00 |
|  8 | Lyn      |  5000.00 |
+----+----------+----------+
8 rows in set (0.00 sec)

